{"cameraMode":{"drawMode":0,"name":"Shaded","section":"Shading Mode"},"sceneLighting":true,"audioPlay":false,"sceneViewState":{"showFog":true,"showMaterialUpdate":false,"showSkybox":true,"showFlares":true,"showImageEffects":true,"showParticleSystems":true},"in2DMode":false,"pivot":{"x":3.6544382572174074,"y":-7.403688430786133,"z":10.955179214477539},"rotation":{"x":-0.2595815360546112,"y":-0.14821302890777589,"z":0.04035124182701111,"w":-0.9534265398979187},"size":28.30338478088379,"orthographic":false}