{"cameraMode":{"drawMode":0,"name":"Shaded","section":"Shading Mode"},"sceneLighting":false,"audioPlay":false,"sceneViewState":{"showFog":true,"showMaterialUpdate":false,"showSkybox":true,"showFlares":true,"showImageEffects":true,"showParticleSystems":true},"in2DMode":false,"pivot":{"x":0.1359536051750183,"y":0.7505480051040649,"z":0.9990772008895874},"rotation":{"x":-0.15696094930171967,"y":-0.8423156142234802,"z":0.3450694680213928,"w":-0.38313809037208559},"size":2.346541404724121,"orthographic":false}